path,group,bytes,stl_format_triangles,sha256
100-Base/100-001_BaseClamp.stl,100-Base,64384,binary/1286,9b55f56b492ca696c0ae7042affb9650e6579a8d54d41905a752584c7d3d2a6d
100-Base/100-002_BaseCodeDisc.stl,100-Base,543984,binary/10878,0bdaa80baee89ce79e9f7f0d93cc465e2af78a4fdd9193ce333aa5eec3b41d24
100-Base/100-003_PivotSkirt.stl,100-Base,643884,binary/12876,724ff942946ea193285a76632c347d2e301f2df9a478fe43476fcb635b595b76
100-Base/110-001_BaseMountBottom.stl,100-Base,2288084,binary/45760,c68cb8b061973539ce7dd764bb8176b884ac6cb3f9102007a35cbee275df73a8
100-Base/110-002_BaseStatorHolder.stl,100-Base,174284,binary/3484,07867eff5357bb8cde43083fc9417b8b63cda3b1427b873b7604aaea4fa01dd0
100-Base/120-001_BaseLong.stl,100-Base,2494584,binary/49890,3cb16524af106a31ba4a333640d433d0aa8c87351bb8fb3d617896419df39392
200-ArmBody/200-001_ArmBody.stl,200-ArmBody,1084,binary/20,c991b4e5b5823186f05bbfe52407403893919597a18f517de2b13a07e6dcee1b
200-ArmBody/200-002_PivotStatorHolder.stl,200-ArmBody,156884,binary/3136,8f9b00915564390f3be53fcd5221e3c7f3aee057cc0d2dfd690b03f3a88daec6
200-ArmBody/200-003_StatorBalancer.stl,200-ArmBody,1084,binary/20,d11fd9d1a81e233789f9bc1e2050f6af2972403298d3b67afae8408ff632f70b
200-ArmBody/200-006_CalibrationArrows.stl,200-ArmBody,75984,binary/1518,f7d7a1478e5b589ca5bee9c31f26e17691752a01644ba3bf965c449171eb5caa
200-ArmBody/210-001_IdlerPlug.stl,200-ArmBody,35284,binary/704,0c54caaf9e35586a31d6a0b97b8fd979fcd0aaeec777f0c8ab4b8d8d05675417
200-ArmBody/210-002_BeltDirectorPulley.stl,200-ArmBody,363884,binary/7276,b4dc5fa8ad9ea94f42f4cee12df0df5237c20b0a7677808e85a40db4d165812b
200-ArmBody/210-004_SmallBeltDirector.stl,200-ArmBody,68684,binary/1372,b5949feaf94d3cb299d60ea1a00c6f22b3a5db860ef07bc1daac3a4a8911de60
200-ArmBody/210-005_LargeBeltDirector.stl,200-ArmBody,75584,binary/1510,c159bdcd6b266fc417fce37b6acb43269b10a6094153808f305a04926135e724
300-Pivot/300-001_MainPivot.stl,300-Pivot,575384,binary/11506,d27a93155d56c4afcb0fe137819a32b8a65721b691ad9f6c20f0b44413c4df63
300-Pivot/300-002_PivotCodeDisk.stl,300-Pivot,718784,binary/14374,0d955ff1545827ee67421ee9f420ee68d2220c589167cdf3f3b0dfcb260b9970
300-Pivot/311-001_MotorEndCapBase.stl,300-Pivot,320884,binary/6416,1443efc73ef1228f760c0fa617c912bb54c08eb48b627ed84f1d6f07e4c97cba
300-Pivot/312-001_MotorEndCapPivot.stl,300-Pivot,338584,binary/6770,a908b5d58994eae53ebae4b3625f18049addea5ab1a3c3d72e8e646418a8ecd4
400-EndArm/410-001_AxisIntersectionHalf.stl,400-EndArm,89384,binary/1786,8434ffbd9fef02ae348541485fc1af7f6105e7f2a22356103950d16066cf307f
400-EndArm/410-002_NewBeltPulley.stl,400-EndArm,2901484,binary/58028,c08550f22f71935af71fea52484963b7d56db0d82367e16ca86719238ebdae03
400-EndArm/410-003_EndArmCodeDisk.stl,400-EndArm,433584,binary/8670,2d4d1c676102cb9d41e82cd1900f8779f4020b11aff126d7bac3ca5877cecc46
400-EndArm/420-001_EndArmHub.stl,400-EndArm,245784,binary/4914,3364d95faf1e408a9b76e3bd0a134a8c3571b6a5096d56b1dd5fe31bee261d96
400-EndArm/420-002_EndArmHubCap.stl,400-EndArm,148884,binary/2976,0bc7b66e21724c0dba3d0aeec19691fc6ac444407913bdc9b7242105706578b5
400-EndArm/421-001_InternalOuterPulley.stl,400-EndArm,635684,binary/12712,bc2d425d57d57ee249f85f35d2c6bab2433648357af1e52a5cddea71f74779c0
400-EndArm/421-002_InternalInnerPulley.dwg,400-EndArm,158400,,ef306ce41e5e7026e18e1d2a894957aebfcccc28e2e0925a3745f4aa84a719e0
400-EndArm/421-002_InternalInnerPulley.stl,400-EndArm,531084,binary/10620,533c44840e5eb930d7300920ce2f733e452ec1375d0de0b8f77975b911ec6466
400-EndArm/421-006_PulleySpacer.stl,400-EndArm,87984,binary/1758,852a47ffe5a3aa71b42f43ef4170a96f36519c9a94f6fedc7c50d30a45925230
400-EndArm/430-001_ExternalOuterPulley.stl,400-EndArm,1222684,binary/24452,bff2085fa819fad169d53cd3b30a2264bfc9bc80122e9582c3c07235e7091407
400-EndArm/430-002_ExternalInnerPulley.stl,400-EndArm,1173084,binary/23460,9cb028a2bb8248f9985cf04827faa623f643205fba28354302e7502e2e2fa8ef
500-ExternalGear/510-001_ExternalGear.stl,500-ExternalGear,2999484,binary/59988,57e872cac77e091859749f88694e4371eea796cfb5952e9c55092d4bf7216772
500-ExternalGear/511-001_ExGearMotorEndCap.stl,500-ExternalGear,584384,binary/11686,5361b6e534a039528a125a095cf5742bdd5d3d225f860efdbec5d2050180cfb3
500-ExternalGear/511-002_ExGearStatorHolder.stl,500-ExternalGear,177484,binary/3548,6e552b231de8bc9fa6b375b9096d47ee8b84313f840146d9c71bc9d4a352165b
500-ExternalGear/520-001_ExGearMount.stl,500-ExternalGear,803984,binary/16078,8e5685f47673d2984fc5b18ecd186bebd5603e74f18b22a2316c3130771c2dfc
500-ExternalGear/520-002_ExGearMountTop.stl,500-ExternalGear,94884,binary/1896,16856e1175c5b426cc47238b037e7aef29d7432372032d9a347311c64eb53a09
500-ExternalGear/520-003_ExGearNutHold.stl,500-ExternalGear,22084,binary/440,fb06018304f1d422893f8e1ae8ec2cad1f2f0fcb6fc205dcf942cf62e426eaed
600-StrainWave/630-004_WaveGenCoupler.stl,600-StrainWave,318984,binary/6378,ec3686dc811355449abaebb18b8cb929bb75ab4b82d1f1efce65570c4d1c11e0
600-StrainWave/630-005_FlexSplineAttach.stl,600-StrainWave,543484,binary/10868,5debc6c8bc7271361bf6864d84a5285ac370043259abd0a4fae6903c64b41e59
600-StrainWave/630-006_FlexSplineCap.stl,600-StrainWave,153184,binary/3062,5202c276a2defe6c5d9016909e17be4c2de64281e3036c04998f40740281f4f6
700-Differential/710-001_SplitGearTop.scad,700-Differential,8672,,ad28057340ccb9b2b7ea50db7646efc4c891c1824fc887285358e0b7dc6a2af5
700-Differential/710-002_SplitGearBottom.scad,700-Differential,8422,,306cfcaa0cc37746cdcfbce27a8bfef05f1bb611df095e134ec2a54adb5e756c
700-Differential/710-003_DiffKeeper.scad,700-Differential,2013,,424a67e71c11f2580b57347cfb6439821f4c2aebd17959940b0cb3aa2e0f1486
700-Differential/710-004_RotateCodeDisk.scad,700-Differential,1804,,fa3e734fbf20df7d19d651104a096978d999d5d1976e49c8484460f817033820
700-Differential/720-001_DiffGearShaft.scad,700-Differential,14860,,d826c68fdb97c3a01ca12c40eabaad60a859630677772410656fb62789894d72
700-Differential/720-002_DiffGearAxle.scad,700-Differential,4504,,592a951c2113f980e986ff800bf21ca262947a834472dabc99d9b9d3c7403fde
700-Differential/720-003_DiffEndPulley.scad,700-Differential,16095,,e669649a9e43c4dbf677a04cb21d1b394e7af7500136ba663e3b6dda6472345e
700-Differential/730-001_DiffBodyA.scad,700-Differential,12453,,70a79bc8c42adecd10b6959cc8664ea36cefdde1579d2a359594c2759a70b066
700-Differential/730-002_DiffBodyB.scad,700-Differential,30277,,eae1a93e07e1084a3d78ccb309ff8bd7c3e9093cd24deb4c6d84dee88afbd410
700-Differential/diff_assembly.scad,700-Differential,4252,,5473e62a4917359f1585f75d300b136cabf6d57b7ac463e3acf520db1baf49a5
700-Differential/diff_bevel.scad,700-Differential,11833,,f314e6b03ed462d8a0ac5fcbbe22f3a8ff47709c4be817445afd663657ab35d9
700-Differential/diff_params.scad,700-Differential,5391,,1a4aaf4485005350cbff1be70f97c8731666d9f9190350f37674b7c8058eab03
700-Differential/render-all.rs,700-Differential,15570,,e66e8728060651b9a5835d605d6f9a94c3f646d7e0a80095187fd7113ce7f2b8
800-Harness/800-001_WireEntryLeft.stl,800-Harness,85284,binary/1704,f0d9bf1542ba976a940a30b55091db2ced43b923edd73ed3e1f57cd856b7db28
800-Harness/800-002_WireEntryRight.stl,800-Harness,87684,binary/1752,231c29edba7b133e632b7788ebb8d8141b9d4979af11bf2e8260d4a447aa7f0a
800-Harness/800-003_MainPivotPlugA.stl,800-Harness,37584,binary/750,9134ffb3a1ff0b23e7ee9cf2752eac922ee7792c33bc5a81814738fe2754bd3b
800-Harness/800-004_MainPivotPlugB.stl,800-Harness,47284,binary/944,405c17adf9b5cf85d7e0c647387abb60143eecf36159f79bc081611247cabf9d
800-Harness/800-005_FanBracket.stl,800-Harness,50684,binary/1012,2bf631cc3634e9d317065f60a6daac2905ac58dfbd3a22175e969c32aaea1f1d
800-Harness/800-006_PCBBracket.stl,800-Harness,41584,binary/830,b3b555af11a248d46e453c77d7d5585c40195b9275a17961c9a42169f8b72c0b
800-Harness/800-007_PCBSpacer.stl,800-Harness,54284,binary/1084,fccc46250f2655a77b172cdfc1b1747b28048b2f1a70d31e68e66a5b88f0d1aa
800-Harness/810-001_6PinStrainReliefTop.stl,800-Harness,51484,binary/1028,d100c0f3e9172d96649b35fb08ef34f0432558c353631a3129d05b6dc814294d
800-Harness/810-002_6PinStrainReliefBottom.stl,800-Harness,54284,binary/1084,1078e8b880c5cf69c606ce831a0fe22328e85a6905f28aff48589ccc58789bf0
800-Harness/821_PhotointerrupterShroudBase_A.stl,800-Harness,228284,binary/4564,24f173f8e0e68de32f7aff69dbdef2fdcadcc782a6b8b9b7e6a637d571ba9555
800-Harness/821_PhotointerrupterShroudBase_B.stl,800-Harness,60084,binary/1200,34bd134052134d0915d4e3ba9751b89b739eacc76fd57fd7693ec638195a53cc
800-Harness/822_PhotointerrupterShroudPivot_A.stl,800-Harness,68684,binary/1372,bf8d779d36f9ffab41db2aeddefdc7b467711472aed37ab0056636d48d5525d2
800-Harness/822_PhotointerrupterShroudPivot_B.stl,800-Harness,94884,binary/1896,667fbe04adc717c48fd46642d26ca3a8cf0f8d25d9b251d2f3d9cc13a534b3fc
800-Harness/823_PhotointerrupterShroudEndArm.stl,800-Harness,1765484,binary/35308,7fc8e9fa86903a27ac0a965a13bef20e1be4ccec20b599f4ce86aec3699dcb1c
800-Harness/824_PhotointerrupterShroudAngle.stl,800-Harness,154084,binary/3080,6a3276d669545de03faa5e4f0857a1cf0e4e0a693395436c7c032f5e653d098e
800-Harness/825_PhotointerrupterShroudRotate_A.stl,800-Harness,149584,binary/2990,fd5089691ab675a233e5805285d5c43b267d29cba31d4e114d7b1fd6ff5c301e
800-Harness/825_PhotointerrupterShroudRotate_B.stl,800-Harness,82684,binary/1652,06d89106234838e60aada514a6e99c15912edd46f61f490952c3a6bd762ec049
900-ToolInterface/900-001_ToolInterfaceBody.f3d,900-ToolInterface,164885,,1199a2ee8223f13b451e684f035c1483dc2dea7055f8199da96958183e914bab
900-ToolInterface/900-001_ToolInterfaceBody.step,900-ToolInterface,445085,,3a9024f9dde96ad17e54a3be0d0a60689196a9cc8c502bd41a609b64f6525363
900-ToolInterface/911-001_RollBody.stl,900-ToolInterface,1003584,binary/20070,3b43e54f205b2ae19d22fc51f29c3d75ec685ae5f760be56715d2e087e4f8d12
900-ToolInterface/911-002_RollDriver.f3d,900-ToolInterface,76103,,ad041504d6265a93c8870a8d6ac415682485bd09c109433da8a66b785d8b5820
900-ToolInterface/911-002_RollDriver.step,900-ToolInterface,44561,,80016794abd9767dee5d1bd0d98a9fda088d5ed26c0e0ac24136586da2e41bfc
900-ToolInterface/911-002_RollDriver.stl,900-ToolInterface,257684,binary/5152,d6c0588f2a57160d9dd589b370ed663d44e613b7456bfa2cd84bb9d82080a679
900-ToolInterface/912-001_SpanMount.f3d,900-ToolInterface,415459,,9b12dd4c3ddba7a5002d1d2969410051da194e09cfac92e9a95555530ecf1f1a
900-ToolInterface/912-001_SpanMount.step,900-ToolInterface,144132,,1e17b230a054955c41d02fd4aa2f95c45ab8b03b68217b21f3088c95879a89f1
900-ToolInterface/912-001_SpanMount.stl,900-ToolInterface,531184,binary/10622,ad30d4f21d1e238f7e1b870f9f662f139bcb441d5277f5cd45867cdd63269366
900-ToolInterface/912-002_SpanDriver.f3d,900-ToolInterface,276759,,c59d0e171734019d7e93c15d39ddbd7c8d4f542a1a05032ff6893ba6f6b4e4d9
900-ToolInterface/912-002_SpanDriver.step,900-ToolInterface,90412,,2b3eae94f431b0505cc6309a035c00e9b6aed8f3b102d00e878aea65203a601e
900-ToolInterface/912-002_SpanDriver.stl,900-ToolInterface,370884,binary/7416,acd0e566ee615ee85dea053f167b42b085dcbea7201581aed691278ced6b5b05
900-ToolInterface/920-001_StaticFinger.f3d,900-ToolInterface,1816801,,c94533a974843234618e6192042f470478fff5ea5c2174479dbad7ba64fcdf22
900-ToolInterface/920-001_StaticFinger.step,900-ToolInterface,261347,,f2c3708fe18b433871499854e93751e74a72a1f75e3286071345c8af4428f680
900-ToolInterface/920-002_DynamicFinger.f3d,900-ToolInterface,541945,,7e2e66be25d946be975fce6799f983ebcfcf2a2621c6cd1c698bc91c3902a7dd
900-ToolInterface/920-002_DynamicFinger.step,900-ToolInterface,191512,,6554324c68a318eec3208e0b08f46c7868fc466bbcd051b0c230c43579e164db
900-ToolInterface/920-002_DynamicFinger.stl,900-ToolInterface,125884,binary/2516,f0362595fc4212fd8ffc30ce9672bad28a94642e9e9299f609a1bcfbee8819aa
900-ToolInterface/920-003_FingerCap.stl,900-ToolInterface,34284,binary/684,8f73d70db184fbfb6a352537ca8b4c2e0c0d1d21987c3840b129d0ca8e61e48e
900-ToolInterface/GripperFingerMove.dwg,900-ToolInterface,54493,,9673ea244c27c760c4c3f13159295dde938a693049800df34bd06ffc5234c657
900-ToolInterface/GripperWireCover.f3d,900-ToolInterface,174236,,7c72d5a324102144f2082eb72d7fc90c029b868f9e6c61946c4da29ca26bfff1
900-ToolInterface/GripperWireCover.step,900-ToolInterface,123264,,928cccd6dc64d77d8a79d9e195dca88a5e6c4a8485181224cdfebab3f4fecd86
900-ToolInterface/PinionGear.f3d,900-ToolInterface,529460,,0328ff85b018caa78b9dc1219a9e256682422b2c8a2517125bffe95b47858487
900-ToolInterface/PinionGear.step,900-ToolInterface,795408,,6dfac356a07282c06e09f3829f5971ab4dc0940c0dc32bbc15849a809dd14832
900-ToolInterface/PinionGearExt.f3d,900-ToolInterface,98836,,7c22e7b0fd7c8e0bc1b36384af0c945bd56083cdb1de9500533050cf0bae6b61
900-ToolInterface/PinionGearExt.step,900-ToolInterface,30818,,7e294f0f7b1e53117d6fcd42e43e30a663f50f905c0cf43384ff99ce23bd45e7
900-ToolInterface/RollMount.f3d,900-ToolInterface,625546,,61bc363e5a4be1d0718367c5dad3e542413c6f8f8c74aaf7d59ac7f09f7c8f0c
900-ToolInterface/RollMount.step,900-ToolInterface,343331,,334a3e5023dc9c364e4c92701a341d7d47beb32411c139478ab8ab7418df6839
950-Tooling/830-001_SolderJig6PinHolder.stl,950-Tooling,70684,binary/1412,2d72c6a9ae3f1419b2fae9a6559503a0986ee58013e27fbc66bd12916adbb1f6
950-Tooling/830-002_SolderJigLEDRig.stl,950-Tooling,161484,binary/3228,5d26918c913c092d4e21f1ca47c1e31ae2624a3bab30e9b5cb2099c4cfba9b9d
950-Tooling/GlueRig_ArmBodyToEndArmHub_A.stl,950-Tooling,41484,binary/828,d8efcb8d67d7349fee90b61207abb32796ea3e81b480812ad0ccbcdebbee8a59
950-Tooling/GlueRig_ArmBodyToEndArmHub_B.stl,950-Tooling,42384,binary/846,696317c68823231813b6d6e46b801a831756420444cd159b59be1423f9b857fc
950-Tooling/GlueRig_ArmBodyToEndArmHub_C.stl,950-Tooling,3884,binary/76,75fc18af71ce4baf1d0db1948c40ce743427f384120222f505bb8a6f5208ead8
950-Tooling/GlueRig_ArmBodyToExGear.stl,950-Tooling,89184,binary/1782,bcde8a3eebd6b0e3aea897b79b8dad360890716ed371ceab9481200e51cb0210
950-Tooling/GlueRig_EndArmHubToDiff_A.stl,950-Tooling,49084,binary/980,18df0b7450ac982737f467aecff975b9a3efcf81b67e60aae23f5c87f51ef7fa
950-Tooling/GlueRig_EndArmHubToDiff_B.stl,950-Tooling,77484,binary/1548,eae6366fee1134006dbd62507c32329814fe830efd38c42041f09c8ea6009c9c
950-Tooling/GlueRig_EpoxyHolder.stl,950-Tooling,43484,binary/868,61cbc5552067bf9f9d933854f929b82b85fb23df102bbab83ab257677c4547f8
950-Tooling/GlueRig_EpoxyPlunger.stl,950-Tooling,158284,binary/3164,6c33a22238b648c45145ea61bce863ac6011a777b9fc5e33f88c20640620515e
Reference/covers/Dexter_Ducts_With_Lids_and_End_Caps.skb,Reference,1508732,,d915a839c3dcc0f6cbbe53f2dc0e1afa3d3082e41d83bb261b4302dbbfee7b89
Reference/covers/Dexter_Ducts_With_Lids_and_End_Caps.skp,Reference,1782172,,2e3fda17a908f80003193acc3384e72af8c830e26c4515cc21a16e91e8e83cc6
Reference/covers/Duct_End_Cap.stl,Reference,190321,ascii-or-nonstd,93bf224d20ec182cb8864ed677534a2217ce6c27bf05fc2af17346a20acf8b64
Reference/covers/J1_Duct_with_Lid.stl,Reference,174680,ascii-or-nonstd,abc356e89b6fcbfe6519c79b8f2cf53f4ade571cfcc63e1c3b5746513cd6ed82
Reference/covers/J3_or_J2_Duct_with_Lid.stl,Reference,174127,ascii-or-nonstd,8f02f3037ad64ffbf09a91d16b1196bb8be3f8a97dafe850ed868abf42343de2
Reference/covers/J4_and_J5_Duct_with_Lid.stl,Reference,173098,ascii-or-nonstd,fa832d5af111eda2a3a03bfc625cf4e864de19f59504957bef160f2ec2517428
Reference/inventor/Arm.ipt,Reference,73728,,bce3ececff1c5c4f01b2606adaddeadbcf96694a10503adbc0cdcddd939215b6
Reference/inventor/ArmBpdySpacer.ipt,Reference,74240,,4e3abc31475cde1c003ea3601302ec898510080054bb1fd959f889d4e39dd428
Reference/inventor/FaderCap.ipt,Reference,84992,,dfb7dce6d129e92adbfac1b57794289cf581cfd5a9fcab9e8a5ce5d13f033e6f
Reference/inventor/SmallCFTube.ipt,Reference,113152,,d43764d26ec0b43818e46cb064b59f2494e9286fd3c3c12d55d12f17e6c3b8c0
Reference/inventor/SmallTubeMold.ipt,Reference,468992,,f748200ea8fe8a50280e79027aa9af996b546be3ef8edc01dc3727cb99627b97
Reference/inventor/Valve.ipt,Reference,95232,,0e2bf04b2165db0152e0a24ee492a35a67f0803736df3e2915b0a28bbc9f0520
Reference/inventor/ValveRatcheKeep.ipt,Reference,136192,,d112591556451a51f6dc6ae4981fdd833c45167b7125be940da8ec26797b5862
Reference/inventor/ValveRatchetArm.ipt,Reference,787968,,5e92170fc0a3f2fdb0b504ef2217a516d72c983c3979da298f877a0773e16d4d
Reference/meshes/700-Differential/710-001_SplitGearTop.stl,Reference,1769784,binary/35394,f840474e4fdfa8b80ee7bdec05ca46d14b2ce20f576f6ad3c21230ccc609de1d
Reference/meshes/700-Differential/710-002_SplitGearBottom.stl,Reference,1404284,binary/28084,e746f42f1db7d5ff94880439a7fba1a66544f08fac44486d4d85421e19cb3662
Reference/meshes/700-Differential/710-003_DiffKeeper.stl,Reference,159884,binary/3196,eb9641333dd09e4f5738539cc76d621226ac7b70f73c37429021f3d0d9f84b14
Reference/meshes/700-Differential/710-004_RotateCodeDisk.stl,Reference,297084,binary/5940,2c6968d915981f6b9c420003d6a34827e56f32ff71b1f42dc84bad2c27f4b698
Reference/meshes/700-Differential/720-001_DiffGearShaft.stl,Reference,4687584,binary/93750,4886e95d1b1a9f7a85653e76e4769322ed8e12d24554c606b03e2f8efa66ae5e
Reference/meshes/700-Differential/720-002_DiffGearAxle.stl,Reference,5162857,ascii-or-nonstd,2dcdc1fda8c215ea0bc17fc0d929e9f41e683e3abe96a1afd18d0bcb3e78aea8
Reference/meshes/700-Differential/720-003_DiffEndPulley.stl,Reference,624484,binary/12488,4f97de137361d031f506121555c36d796ba49237dcbaf0af2b4ade67e50cda72
Reference/meshes/700-Differential/730-001_DiffBodyA.stl,Reference,179484,binary/3588,92e36490bcee4d52212f8c53c1f1bc00ba54b5e7661df4ac6065428d8e4c50e2
Reference/meshes/700-Differential/730-002_DiffBodyB.stl,Reference,1001684,binary/20032,6afce9315c29989922aabb190906792b02e1bc97b1199fd42ef866bf63f11366
Reference/onshape-v1/assemblies/definition/5415K220_WORM-DRIVE CLAMPS FOR FIRM HOSE AND TUBE.json,Reference,3297,,7b384fdb51681f2db55c2353072e3b88aa71d9929786f8b39820d4d2e7b50a55
Reference/onshape-v1/assemblies/definition/6655K540_STEEL THRUST BALL BEARING.json,Reference,7752,,65a282ead89d06842f3de54e2be3488de0b8d6448c7a2d13cb3549fbd56700cd
Reference/onshape-v1/assemblies/definition/KA0001-01_BaseMount.json,Reference,16657,,4317574f9285d98e31014d3ca28180c93fe90850412c9cc6c1306c926fb853b0
Reference/onshape-v1/assemblies/definition/KA0002-01_Foot.json,Reference,2079,,6677758c2cde674ab2ac89adfd59ae6d892cfa81832fafcdd87ebdd13ea458d2
Reference/onshape-v1/assemblies/definition/KA0003-01_StatorBracket.json,Reference,42826,,88d9c471f2076cc25a5296abc5b72d77d4e6fb2b65d888320f9d76738301c814
Reference/onshape-v1/assemblies/definition/KA0004-01_BottomSection.json,Reference,68001,,cee0dd3421ecdb2b8d5677d7ab44d7c889e05656a987fba528686f89cfd52b74
Reference/onshape-v1/assemblies/definition/KA0005-01_SecondSection.json,Reference,50237,,b86f402c7b921ea3bb1c3bd49ee03b3ce9fd114519a4d3d8081570f058aa3a96
Reference/onshape-v1/assemblies/definition/KA0006-01_Main.json,Reference,365855,,4db964345d5a7d23ba4733ff2adf0cb7db0828c16acb9915e1fc7d80bfae5ec3
Reference/onshape-v1/assemblies/definition/KA0007-01_ThirdSection.json,Reference,117744,,8dc2c132c6596ae14255c7af681a047b39f805df7c327de21c8914c13384c6c8
Reference/onshape-v1/assemblies/definition/KA0008-01_HarmonicGearSet.json,Reference,15601,,ba0574602d17522347ca0eaf74527df1d813d3ce79cc20e89c25543149417ea3
Reference/onshape-v1/assemblies/definition/KA0009-01_Gt2x16_GPA16MR2060-K-PUA_2_031.json,Reference,3183,,55936e813f5ad99b445a355fea59107ba05b12aba33bb14575df2deddfa80c59
Reference/onshape-v1/assemblies/definition/KA0010-01_SixSection.json,Reference,22485,,6344fcdf0d692293a5ba9f0fbaa06fc4f2c23279f4029508f0fe887fd6ce4796
Reference/onshape-v1/assemblies/definition/KA0011-01_FourthSection.json,Reference,13381,,f4c05724ace0e0fc558ce856a49eb48097df62b5b3dbc87a2bed2c9625298a55
Reference/onshape-v1/assemblies/definition/KA0012-01_Elbow.json,Reference,13166,,f2dd19296b3138f57af18041df9caeaac6c9ca5403b7c90803742435a48501dc
Reference/onshape-v1/assemblies/definition/KA0013-01_FifthSection.json,Reference,20282,,5ddfc9961fffcf402e6b792ce9dd3f39fde6aa35c33d10b9a3fd8816d285f8c0
Reference/onshape-v1/assemblies/definition/KA0014-01_Differential.json,Reference,24734,,30a333042afc635e104958048a5fabfebdd72154dddac5704404089c988716d5
Reference/onshape-v1/assemblies/definition/KA0015-01_DifferentialSet.json,Reference,37564,,0e9b29fad887fbfb8a976d7f8c9f36934e3af3f174ef064b54b78aa7170d4fee
Reference/onshape-v1/assemblies/definition/KP0005.json,Reference,18003,,94ddb9769fa8bbd9e72ef7bc90458bd0f260fed85d16537b8ac344bf93d03e09
Reference/onshape-v1/assemblies/definition/KP0006.json,Reference,2706,,2ee63d5094459f434d86a4c45a96d3df1acce1b71492a2892e10e66b4ffd1480
Reference/onshape-v1/assemblies/definition/KP0008-01_GearCupCSF-14-XXX-2A-R.json,Reference,2058,,ccdf3fe38ee17f7c3185cd444ddf0b98841a08bf4b6ec62eb041962ede05013c
Reference/onshape-v1/assemblies/definition/KP0013.json,Reference,27867,,02be90175cd21913af88ac53b0e574408cc8a52dc2094a100b5bf4a00b8ff68c
Reference/onshape-v1/assemblies/definition/KP0015.json,Reference,3355,,f8d8db21d984db2cb21f87f7519337aaac38ffcef2ac83529f66300dc597ad8e
Reference/onshape-v1/assemblies/definition/KP0016.json,Reference,6559,,2f002cbbafa77aebec7690221c1922ff54f16ad67026e0c93244c28fed125bb1
Reference/onshape-v1/assemblies/definition/KP0021.json,Reference,17585,,d304cf030d60b0a08c12ca02baf52c2ac6a626d03a44600bdb5436c788ad08b2
Reference/onshape-v1/assemblies/definition/KP0028.json,Reference,9413,,19b27df3cbeb538e07f000630e1e9172161b31034c46c070172683b51edbccbc
Reference/onshape-v1/assemblies/definition/KP0031-01_ArmBodyTop.json,Reference,3291,,f11e62ec9982ab82de9fd94a3fbdf614a33d8c3083d1e6e517538d5f1180a02f
Reference/onshape-v1/assemblies/definition/KP0032.json,Reference,15920,,a6a48a22b650fca4707183b30f4e524eef6e4a15fc2c7ef057bd71a5bad72677
Reference/onshape-v1/assemblies/definition/KP0035.json,Reference,12419,,b949df307ba926ca01d40577ae7c4ff2445074b0e09bb05dd31130e4c1619401
Reference/onshape-v1/assemblies/definition/KP0036.json,Reference,12175,,ba9fb9f4a7bb944028d969042491330cee1f4719369cedc982867ae2cd2a56e3
Reference/onshape-v1/assemblies/definition/KP0038-01_5972K501_6082Z BALL BEARING.json,Reference,15625,,da7ae39db600568d9434de77f3690f4adc2bbb5966d73c933738f255e28a76af
Reference/onshape-v1/assemblies/definition/KP0041.json,Reference,4467,,02ccec5aed5801d8cc9508861ce5e2ac77e8ca13948a265546b8ab2e7ce9da30
Reference/onshape-v1/assemblies/definition/KP0047.json,Reference,2380,,5c19efedc390edf34788c62c075e2daecbf7386b8db4ff8aff0e13cb718ec2bf
Reference/onshape-v1/assemblies/definition/KP0048.json,Reference,4774,,bfae24c4f189faa5f5874ab783a9172f9b1e630279d28373d126f0a49404bbc7
Reference/onshape-v1/assemblies/definition/KP0050.json,Reference,4091,,239cefe5d9ab0d384a60dbb89a7b3c3c02abd91643a94ab51f5f705380ff71ec
Reference/onshape-v1/assemblies/definition/KP0060.json,Reference,5476,,3b914f6f97732c1601c6ea5086bdb69ff93f2640dcaf478727433dc64d1d2b1f
Reference/onshape-v1/assemblies/definition/KP0064.json,Reference,2148,,9246878d1a178ff37104fdcd4d8119fb07286980b5bf2918f0859d40b65628f4
Reference/onshape-v1/assemblies/definition/KP0067.json,Reference,2070,,27b17f9bb6f1e57969a9ca15cac4c936f9cc4915133931463411de02aa1a949d
Reference/onshape-v1/assemblies/definition/KP0070.json,Reference,6066,,350ad6a5aad5bfed13051ce35eb1146e5592d9c74652a279f9aa910a008e3b40
Reference/onshape-v1/assemblies/definition/KP0071.json,Reference,2256,,05b3de2ffe15995dfe12d636396e40af4a02adaf48eac9d5fa484329898a6a7e
Reference/onshape-v1/assemblies/definition/KP0075.json,Reference,2500,,eada49adb8c045a98cff08c28ca491ab2a8ca74d09532fc3a2860a8ffb1b4d65
Reference/onshape-v1/assemblies/definition/KP0077.json,Reference,5492,,575bfad77bb823d2e109b72aa4e5fb63ee72c7d3ffe0560eec8d672972ce6b31
Reference/onshape-v1/assemblies/definition/KP0078.json,Reference,2199,,36c9f1299ee0b4aa3eb7be43fd7496936493608aaf84317e84494aef343c14f4
Reference/onshape-v1/assemblies/definition/KP0081.json,Reference,6513,,9506fb77e6e1920de990a6f310b5f589e82cbe5f5fd19e2aa52bfb8f5edf076d
Reference/onshape-v1/assemblies/definition/KP0082.json,Reference,2205,,0c418a9b3703dec2552fa7dca14f78c14563144f6b6e5f26e3d4ef27f3abc591
Reference/onshape-v1/assemblies/definition/KP0086.json,Reference,16243,,b05f34ac6a09c7346f7c89e67e6e0570fbb3c7bf12d8cbda0cba0d55b3ed1a0e
Reference/onshape-v1/assemblies/definition/KP0088.json,Reference,2864,,1ed8a4a0400ce6f7018172e11d7c53c6e5a0cf75b0db453ea635f5993d639f61
Reference/onshape-v1/assemblies/definition/KP0093.json,Reference,4214,,1e068c1a2b90c1119aad9e40336796db94f6ab3ea512c05956082ee8dc01865f
Reference/onshape-v1/assemblies/definition/NEMA17-48H.json,Reference,7115,,34c4e4c57082c8b0c383d1c89c77a5789676abc10389f31ba5b6197f4466e51c
Reference/onshape-v1/assemblies/KA0006-01_Main_flattened.step,Reference,1899088,,422d081330b61c88db59919803c75dec26f8b51500e2a6aca75e3e28e9d7d8dd
Reference/onshape-v1/elements.json,Reference,4873,,5819dbdd6c945f4460e2b5a08054e1f3016ddd5bc97e90b185af26ccd8707bf8
Reference/onshape-v1/parts-index.json,Reference,22718,,10877f3bacdea61ecae89666b40888dfa313d999492c5aa09241108a97bfe49e
Reference/onshape-v1/parts-step/_GPA16MR2060-K-PUA_b.step,Reference,131590,,972422a3ccd8a1fad60f2f3d12ab2c3299fbc47dc12b5c5be755d58c1bdb8ebe
Reference/onshape-v1/parts-step/_SET-SCREW#5-40-0.25.step,Reference,21031,,476360c95eae5f73c4afc013f27b643f5bd744e98769ca5a007a36349e0d6f22
Reference/onshape-v1/parts-step/14 WG BEARING-1-solid1.step,Reference,15172,,ba3cef03ae1750e3f51bb68328a6607eb2e4ba77510e6ef398ad15404222c088
Reference/onshape-v1/parts-step/CSF-14-2A-R FLEXSPLINE-1-solid1.step,Reference,37478,,40387d95dc51bca3f5f54b70fed1bbf3766622e0f9b28f2760703872dbcfe54e
Reference/onshape-v1/parts-step/KP0001-01_BaseMountBottom.step,Reference,1037425,,026427db6a0b90d2372be8cb5b3276c118b45a905422ecc9eefeb8b69631e3c1
Reference/onshape-v1/parts-step/KP0002-01_Foot.step,Reference,53998,,dbc1cf5fe0db26b0b4b585b4f82399445abaccca38542b2c10a58a436b35a44c
Reference/onshape-v1/parts-step/KP0003-01_FootPadBare.step,Reference,19754,,4785487dda6c0f64af2a177cbbbe8799e1caf896cca523e74662542b546773d1
Reference/onshape-v1/parts-step/KP0004-01_FootBar.step,Reference,13428,,33fc4d896739e570aafd7ff387f00b918b4207a5a3c093d376a436482b75c828
Reference/onshape-v1/parts-step/KP0005-01_BotBaseStatorBracket.step,Reference,501060,,7374ddd0eff1486ad9ca5c1db41135ba85375396659c5453ada285d3c51dd549
Reference/onshape-v1/parts-step/KP0006-01_BaseLite.step,Reference,2609569,,416e95686795406bdde05462912b1df58990947aa9ab154d2cee2f0891e100c7
Reference/onshape-v1/parts-step/KP0007-01_BaseCodeDiskRafted.step,Reference,2163098,,4df086b261a626d8987c8ddf152a63096b065d868967df4808c665f0e5c51f36
Reference/onshape-v1/parts-step/KP0009-01_GearCSF-14-XXX-2A-R.step,Reference,26617,,f23ea7dec97dc837365a094896caf4c77f117a5f8e7ce9785a84d6dafd48f457
Reference/onshape-v1/parts-step/KP0010-01_StatorBracketBar.step,Reference,13903,,e2d202a995b5937902ea5c11c3238c41544126a4057d49257fb32e6406660ea5
Reference/onshape-v1/parts-step/KP0011-01_M3 96 LOW-STRENGTH STEEL FULLY THREADED STUD.step,Reference,1985678,,cd8fa51e38739430b16a8127aa90a60109800717cfe4514ecb44447a9cfa0c89
Reference/onshape-v1/parts-step/KP0013-01_MainPivotV2.step,Reference,431310,,0361d784897358911c333309358664547d251305a50a82a356da988847cff807
Reference/onshape-v1/parts-step/KP0014-01_PivotWireCover.step,Reference,20979,,921f178bfe3b6b529f86e1c62f6af271a80087f43f45ed115b5982f3b2fb3811
Reference/onshape-v1/parts-step/KP0015-01_BasePhotoInterrupterV2.step,Reference,121981,,5924b78f00d92d141f15e05d10b1202a71da6f50fed2c8e737c9463f69817ba3
Reference/onshape-v1/parts-step/KP0016-01_PivotSkirtV2.step,Reference,742058,,1315e9520d4d4cac8b222ec5e77a05481c49c3312af470ddaaaa883accdcc3bc
Reference/onshape-v1/parts-step/KP0017-01_SlipRingBrushA.step,Reference,40846,,7f8622a805adc389dfe9e4087d28934b5d5f9f04301dc9f4b2afdba57d8a3793
Reference/onshape-v1/parts-step/KP0018-01_SlipRingBrushB.step,Reference,54038,,ae6b6e5b36a100a05894adba3d8d46d9ffe22d6972e5b7e21b3358866e3e1c01
Reference/onshape-v1/parts-step/KP0019-01_SlipRingBracketV2.step,Reference,42122,,f69bb3df2e8505e88be2d0f743334935d15bdb58ce124cad497a17610d77970c
Reference/onshape-v1/parts-step/KP0020-01_PivotCodeDisk.step,Reference,1428360,,88a11b38dfd716cf2ec6df2c974d0f6a49c73503848fa653c1a0e24917da48ed
Reference/onshape-v1/parts-step/KP0021-01_MotorEndCapPivot.step,Reference,465432,,99bddf1ea0b3fac41a58f4bc1995490dfb784dc6885e8a0e147b0fa63622ea4f
Reference/onshape-v1/parts-step/KP0022-01_FlexSplineAttatchLGHS.step,Reference,783671,,5f3fa085818352231bbedeffc4b4b99ce482bad23e1fe77ee63062912465131b
Reference/onshape-v1/parts-step/KP0023-01_CamLeverCSF-14-XXX-2A-R.step,Reference,15178,,e2f1b4407c1a37dbf69ce0cc6532acc0135e83d1ac50dab818f648a4097021c0
Reference/onshape-v1/parts-step/KP0024-01_WGCouplerSetScrTr.step,Reference,117371,,f51ca97201130e4011e5cd38e2632cba6cd94df741274aed21046d3f2cd82145
Reference/onshape-v1/parts-step/KP0025-01_MainPivotBar.step,Reference,13969,,a046713f4d5b9eed6718d033c09dcb89c778a86caf4e94fb525676301bed2b61
Reference/onshape-v1/parts-step/KP0026-01_NSK6810Z.step,Reference,14319,,2c0abb4b56d1b96ea2fc95d349e266c51d914c25ea2f153fb905744adfcb7e95
Reference/onshape-v1/parts-step/KP0027-01_SlipRing.step,Reference,5734,,4c96477bf05f39c3bbdc37ffe4b02829a6bffaa30634266dcafe4684fb7cf979
Reference/onshape-v1/parts-step/KP0028-01_ArmBodyBottom.step,Reference,865500,,99d5a51a9b262b01cee4cde263cea2009ad1bc7c370bf615fdf1a3e80c552c62
Reference/onshape-v1/parts-step/KP0029-01_ArmBodyBackIntersection.step,Reference,20803,,6ecf3e33cc8b24ecc10f46aec90b24b4c3c94b923a49a8d17c8fc250871c6f00
Reference/onshape-v1/parts-step/KP0030-01_ArmBodyIntersection.step,Reference,158173,,d7c83a4489cbabc28f1f90544b39c1904e520c768537e2729b6dbe1b780bb56d
Reference/onshape-v1/parts-step/KP0032-01_ExternalGearBelt.step,Reference,2646664,,8cf973d2fa34c9369839ee27777bf974054fe609d5ea6e7d880f3f829e87aec4
Reference/onshape-v1/parts-step/KP0033-01_MotorEndCapBase.step,Reference,464488,,05f7d503eba2082acf0d8ac21d9e4631c80afe8060dcee678d2e4935738a124d
Reference/onshape-v1/parts-step/KP0034-01_MotorEndCapEndAxis.step,Reference,342156,,3c4d4d668f911bf7c1c19481fd24f5ac997ce0244798e965212c1dd355e98d74
Reference/onshape-v1/parts-step/KP0035-01_PivotStatorHolder.step,Reference,184211,,1d33c89730f390797b3b36f7863230bf961b2baa2c37422ad83223e459e475d1
Reference/onshape-v1/parts-step/KP0036-01_RearStatorZen.step,Reference,175486,,6db7ce18f012057a3f3406af26bd73182acf2f89130f505099e329be89d1cf83
Reference/onshape-v1/parts-step/KP0037-01_ExternalGearBeltGuideRing.step,Reference,5853,,dc9a211ecde3f8c8f1f337820de1e4c632f71d6ac3d2cb1d6fb7d40623f80f1e
Reference/onshape-v1/parts-step/KP0039-01_PivotPhotoInterupter.step,Reference,114910,,7e4d0a9e256b9edbba420e5253b2bc7800a0ec61d7db3b78cbfde294c1860da9
Reference/onshape-v1/parts-step/KP0040-01_PivotPhotoLight.step,Reference,207237,,40e4a4a6faa2b45760ba0f9e48055322469c627a6da3d374f9738e29da4f347e
Reference/onshape-v1/parts-step/KP0041-01_PConnectCover.step,Reference,39206,,2e4caf67e5836f84e83ab15280d0419f2395824f7750f394f92805e8c3e9ca34
Reference/onshape-v1/parts-step/KP0042-01_PConnectCoverCapA.step,Reference,40390,,172f5b8cab58e4b18ce41e2c10c5e11d591e4d0f3e955d46fdad46b43648fc21
Reference/onshape-v1/parts-step/KP0043-01_PConnectCoverCapB.step,Reference,14421,,01fe4f7bc4c0dfd26fab5232c734e3bc12fcfc4613f2e020bfcee9b0d957ee4b
Reference/onshape-v1/parts-step/KP0044-01_MainESocketFemSM.step,Reference,133239,,80c67ab6f968e5054e46a8fe99a9f6910ed9d25183436bf1948aab9a2893dc08
Reference/onshape-v1/parts-step/KP0045-01_MainESocketMaSM.step,Reference,55453,,754c4c31fa2b07b1e50c32b1278d6adf44dddd0176dc361a6bcfa59f56608cc9
Reference/onshape-v1/parts-step/KP0046-01_1InTubeInterfaceB.step,Reference,113730,,f45a5aa304c5ed50523081011d7ea649f3075186002bcf4bebeaa6a7676ff8f8
Reference/onshape-v1/parts-step/KP0047-01_AxisInterSectionHalfSM.step,Reference,328316,,ee1003e215818b7a5ca97a9c4b3122c63b34992fe7fc29e99d2c3d8f3a1807fe
Reference/onshape-v1/parts-step/KP0048-01_AxisInterSectionHalfSM_B.step,Reference,376942,,bec31262f7fc47ea03995ad37fa1f07176e73faac7b12b159df06cd535e66523
Reference/onshape-v1/parts-step/KP0049-01_MainHubPhotoIntTRM.step,Reference,510246,,227f7bca7224b962bc5beca6ed97e9f791618fd30e2d1c38ecdf36f70ed45711
Reference/onshape-v1/parts-step/KP0050-01_NewBeltPully.step,Reference,3207168,,31b2c7a42727490588c5b3fed20630112d405d1a8ce60ea2a438b7eec8f242db
Reference/onshape-v1/parts-step/KP0051-01_MidArmCodeDiskRaftedCamber.step,Reference,1703554,,ae2d27322f1c54d39a10d1b306cdf82216124423e1d31a582e62df0f173fa224
Reference/onshape-v1/parts-step/KP0052-01_B6807ZZ_2_03.step,Reference,38626,,8cdc54a81e91d35185d5de9089a3e3ff369651864ef37defe949d6ec70e7f126
Reference/onshape-v1/parts-step/KP0053-01_CompositeBarShoulder.step,Reference,24084,,94898e73c3e48c9141e2f4e406d3dc084ba3462b74fe5f460712ba35a8985ad8
Reference/onshape-v1/parts-step/KP0054-01_8mmShaftPullyLargeBelt.step,Reference,2195487,,88ca96853750dacb3cc6e0f25a6385645013b6d63dc7afa8c058d753811c1b32
Reference/onshape-v1/parts-step/KP0055-01_17mmShaftPullyLargeBelt.step,Reference,3123986,,4d80ca1dc93a787e6611813e6bba52fa4c33d887521be122f945c16a3b060a27
Reference/onshape-v1/parts-step/KP0056-01_SB6703ZZ_2_03.step,Reference,32585,,963ac1392421728ae5c3e13c50aa7125626bdc302ad6341ddd52d476f779a034
Reference/onshape-v1/parts-step/KP0057-01_BigThreadPullySpacer.step,Reference,28537,,3a51e02c0c12db5cfc393d48852e5d8df83e3f75d29fe8f926b099f1d954cce5
Reference/onshape-v1/parts-step/KP0058-01_PCBBracket.step,Reference,44345,,a93c08df2b531546ffc9cae51322fff95722e9ba813dfbb6b0e3fe5211ad0411
Reference/onshape-v1/parts-step/KP0059-01_PCBSpacer.step,Reference,5747,,1d481c8fd401fcc2660156e8e83ecfe2dec0b14f8beb0cf6bf321df01f9b2843
Reference/onshape-v1/parts-step/KP0060-01_LargeElbowShaft.step,Reference,5804,,0b7dcaae00a144173acccad87198df7808bac064ea6c63dff01fcdc5cf53a9b3
Reference/onshape-v1/parts-step/KP0061-01_SmallElbowShaft.step,Reference,5811,,4a414bc359fb8cea16e10f13a123ad0ed2df05083a340b267363546c49cfe443
Reference/onshape-v1/parts-step/KP0062-01_B678ZZ_2_03.step,Reference,27979,,7021da574d16ef3efe22e6422c69ca1f702f9bd155e467d8933918a7ee161d02
Reference/onshape-v1/parts-step/KP0063-01_8mmShaftPullyBelt.step,Reference,398137,,52a73b6311737cc32e1862e68e80a75d7392f96929172fab8ff41509012ddcef
Reference/onshape-v1/parts-step/KP0064-01_16mmShaftEndCap.step,Reference,27220,,8d54ed7371c9aae3449e21c46178056e0e71b19b46365ab0341dce90164b169f
Reference/onshape-v1/parts-step/KP0065-01_17mmShaftPullyBelt.step,Reference,414833,,537f9d5dfba80c34abbfbd0e10b7571067b3ace679ac60b47b97d00ef3fe34dc
Reference/onshape-v1/parts-step/KP0066-01_EndArmHubBottom.step,Reference,253944,,b5411659940c0ce3bc37de477987c04ced2fb8f0e2e941e04bc86aa6dc7e0349
Reference/onshape-v1/parts-step/KP0067-01_EndArmHubTop.step,Reference,413060,,65cda49880241d6b26357f817c26b240ec78754dd911b37478116f3690feb4ce
Reference/onshape-v1/parts-step/KP0068-01_EndArmTubeFitting.step,Reference,53587,,aa1d7d171f98f581897902543bd3e00169de7752a59cda4e17258b31f2697edb
Reference/onshape-v1/parts-step/KP0069-01_ForarmBeam.step,Reference,23849,,0bad140dacd2d805ad6c6dbb58f128a2a1a08849c22305a7b0a3a4655bf853a7
Reference/onshape-v1/parts-step/KP0070-01_EndAxisHubC.step,Reference,331482,,b3165276ee532ac24f562aa4391b7b14f1bf09c8cec97fdcbe14f75b2d270d80
Reference/onshape-v1/parts-step/KP0071-01_EndAxisHubHalf.step,Reference,155512,,a43c217274dd9294522a905a7169517b9c5d2f9123a5a754fc65196a9d54cc59
Reference/onshape-v1/parts-step/KP0072-01_8mmShaftEndPullyBelt.step,Reference,421518,,fb82c16d44a3a84b78a61ded9f424dbc8b332518514c4755c7ba50d95c650de6
Reference/onshape-v1/parts-step/KP0073-01_EndAxisHubShim.step,Reference,49364,,bb663808804fb2936d1f3a47cfbc833427ebbb09687b3b29feee1b14b920ea1f
Reference/onshape-v1/parts-step/KP0075-01_ToolShaftEndCap.step,Reference,32779,,956b9f674700b4050ada633a6be6a3b868a8bbefd0b5a738001b368541dbfa9a
Reference/onshape-v1/parts-step/KP0076-01_ToolShaftSpacer.step,Reference,13630,,b28dfbad92f73cd91a013940bc54f65544483ca84bb54d1874d93c4aea416db5
Reference/onshape-v1/parts-step/KP0077-01_DiffBodySmallB.step,Reference,828017,,71003d1f3eebbd1d35423bf0ae7fd649aacf2723585e56e1f2ed5b6cb66c326f
Reference/onshape-v1/parts-step/KP0078-01_ToolShaft16iIDBelt.step,Reference,461488,,8dea6c5728f2086664f27829b931b969f09c6bf5be3d5a0fa4735d02a296a275
Reference/onshape-v1/parts-step/KP0079-01_DiffA2CodeDiskEndStopFilled.step,Reference,2039620,,86863b2f20590a064667c3a52bc159e04a29380477377e9547898d143e57f46f
Reference/onshape-v1/parts-step/KP0080-01_ToolShaft16iDB.step,Reference,5844,,b395c50563d287ab2acb8eecaa1f2d0b430df58bdd4d6913a08523de9c6fcdf8
Reference/onshape-v1/parts-step/KP0081-01_LargeWristShaft.step,Reference,5804,,9221adf05204675dea34dc495458c1edff259808e14648b242ab7cf2bb476061
Reference/onshape-v1/parts-step/KP0082-01_SmallWristShaft.step,Reference,5811,,bad0edbbb7af9924b03afe61492fe89ee545f04f35832246d9cf8687c100a45c
Reference/onshape-v1/parts-step/KP0083-01_PhotoDDiffA2Tall.step,Reference,314333,,7d21da5679eae08def8dd3f403123a1a25bd5943324e128b41e56f03d9715af3
Reference/onshape-v1/parts-step/KP0086-01_OutterFrontDifferentialGear.step,Reference,939833,,b9054180f0a22fc3d99abd0d00075045d58d0521f9f2a455e4f8ecc0d9b9bd57
Reference/onshape-v1/parts-step/KP0087-01_SideDifferentialGear.step,Reference,1184046,,e3befd97ca07d6f78e2eb14d70dfd4dffba13f1b117fd34baa47d3b54144d60a
Reference/onshape-v1/parts-step/KP0088-01_InnerFrontDifferentialGear.step,Reference,978586,,6466a4360d2b661351d98ee5094cf0eb14d50d7a2dd0ba00db0a672b314cd60e
Reference/onshape-v1/parts-step/KP0089-01_DiffA1CodeDiskFine.step,Reference,1037512,,470d7465a02d43c3392f3861101015511ed503f0773c289faa4965b3e4c3fdb8
Reference/onshape-v1/parts-step/KP0090-01_PhotoDDiffA1.step,Reference,121465,,4e452db42bf8210c439a31c50f260e20c96ff5a6e37fed700444f37a773925d7
Reference/onshape-v1/parts-step/KP0091-01_SmallDifferentialShaft.step,Reference,5841,,94564d512656e533d6b7da6d789743a0229feacc006012040b9e2042ff3ca286
Reference/onshape-v1/parts-step/KP0092-01_SideDifferentialGear2.step,Reference,1184134,,a00ba11c090cd312302a8c8eaf59dedd0b856d5c023ac865c4a34cab3eca28b6
Reference/onshape-v1/parts-step/KP0093-01_ToolInterface.step,Reference,281629,,efe66fddff9d6126c3405e613ac09475cfa2005a10327316a579654fbd1ce6a8
Reference/onshape-v1/parts-step/KP0094-01_diffKeeper.step,Reference,11452,,a7061350ed46a979a45c7ede195b1b445ee26da8f7dd3531d7ad75bddf834ae5
Reference/onshape-v1/parts-step/M3-16_91290A120_BLACK-OXIDE CLASS 12.9 SOCKET HEAD CAP SCREW.step,Reference,388937,,9bd0ff08e83e77c82f0bf903965331c14a8b15c41b0e82b5c88ac387db980720
Reference/onshape-v1/parts-step/M3-16_92005A126_METRIC PAN HEAD PHILLIPS MACHINE SCREMW.step,Reference,6255524,,fb3ec75aa3a9dbe285da8531f9ca7c5b650aa16fdd3977efa6c134f6cdf11af9
Reference/onshape-v1/parts-step/M3-6_91292A111_TYPE 18-8 SS SOCKET HEAD CAP SCREW.step,Reference,176660,,18499301c92e9213edea133b19d2f3f4d1d9e3cb7a2bd15a2cafe08f6b5de1ae
Reference/onshape-v1/parts-step/M3-Nut_90591A250_ZINC PLATED STEEL HEX NUT.step,Reference,108266,,3d8599553b7dcd361275bf77d915a2a1c6e17207611bf9afbb0324d795d0a374
Reference/onshape-v1/parts-step/M4-Washer_90965A150_TYPE 316 STAINLESS STEEL FLAT WASHER.step,Reference,5984,,c255ab4c90c1d90a38a7ccf356cc1fc0b12c6b4ce519f14e2a9abe429f78929d
Reference/onshape-v1/parts-step/Part 109.step,Reference,7803,,216b7408b745114fbd8c2d941efe3b0e28ccec64fc726375e1c158c216940ddb
Reference/onshape-v1/parts-step/Part 110.step,Reference,7759,,859b981f0b74022a5352bbcc3849aa2731f2354762a4528b53ee5aedc5a567f1
Reference/onshape-v1/parts-step/Part 111.step,Reference,476707,,24f2af862000179315267bc24b8ac47b8531af6dca6e61249f3577096fd42112
Reference/onshape-v1/parts-step/Part 126.step,Reference,2139072,,ca88158958c719449ec0f5d2f8ab73fc4c9a729fddf51c522362b5904ca04fa6
Reference/onshape-v1/parts-step/Part 127.step,Reference,104878,,2c7ab5a0868ce974999c166fd3c009d8be1c8262d073cd5fe598baf974578150
Reference/onshape-v1/parts-step/Part 128.step,Reference,27053,,3d86ca29b602bc158f515e022daf172ee79d53bf07a596eab56e687efaf4cafd
Reference/onshape-v1/parts-step/Part 129.step,Reference,316956,,5af08a23a4fe4bde49aeed9cd5d3a07f046e9ac8ea2432558370eed2edc6bc73
Reference/onshape-v1/parts-step/Part 16.step,Reference,20264,,7235d48566d38e0b77a824402307379578b1740cfe1d9c5a28f28f532b3fa2ad
Reference/onshape-v1/parts-step/Part 17.step,Reference,3305,,566cde5af9e510078e5e029eb339dd222c89d7ce916f4e2f1fb37803d86ab188
Reference/onshape-v1/parts-step/Part 18.step,Reference,3398,,035355bc319a1937726d71e0b24c103ababc61e9076ef376318e2d81289c7bfd
Reference/onshape-v1/parts-step/Part 19.step,Reference,3359,,dc5fdca3959fba4192b2976a465f82c916d8db2fc3bc68503019de6493b76ece
Reference/onshape-v1/parts-step/Part 20.step,Reference,3397,,87a97fcdfc80973934d886eeb86271d39078ad8d6f383ec50be8efd82f23db9f
Reference/onshape-v1/parts-step/Part 21.step,Reference,3360,,3685cd1b3a1b37be53890c23b54823d73243cf1167774d3016f6a9d6e403d2e3
Reference/onshape-v1/parts-step/Part 22.step,Reference,3398,,336708cee19a04150bb03bdd93fd265b3d287028fd70936f96dd7f48371ac545
Reference/onshape-v1/parts-step/Part 23.step,Reference,3361,,e40ac13ab682832b5055914c064af7aee7163e80074c1e83860b00ece22a152f
Reference/onshape-v1/parts-step/Part 24.step,Reference,3399,,1cdf0a5c5ddfca928e5e70933260d036574ae8064100b2b0d5ae9e7660f88b93
Reference/onshape-v1/parts-step/Part 25.step,Reference,8666,,83a59a368fdacd469d15c073320995a63ce31662f9c432ade26870a3bb2c9b8e
Reference/onshape-v1/parts-step/Part 26.step,Reference,8688,,4366fe439314a3a6ce6dd1159e1962ae7dc95ef5432d60246b427b878c2fe57f
Reference/onshape-v1/parts-step/Part 71.step,Reference,8826,,968f9c1baf4fe1ddd92e1036af4189ad04fd0a5ccade997606ec8fa9f34a744e
Reference/onshape-v1/parts-step/Part 72.step,Reference,8838,,1053b8b56466b4e1982b3995c99102c939b84248aad512900d62160279bb3edf
Reference/onshape-v1/parts-step/Part 73.step,Reference,3347,,6bd9674201da293e1b02671c13626767a095f863546a920b8a6612d847fda0a7
Reference/onshape-v1/parts-step/Part 74.step,Reference,3399,,6837ae2a2027ca13c6a4f22900ffb4de21136f3b61aab806e208016a48bbde2d
Reference/onshape-v1/parts-step/Part 75.step,Reference,3396,,35e3ca71435791c153bd311b69fbe64eaec139e413bf493743a8500a4a5e29b4
Reference/onshape-v1/parts-step/Part 76.step,Reference,3404,,23a5067f353d45762f393afc2de217f7e4b140af42d4c3d3a72f859a34dffebd
Reference/onshape-v1/parts-step/Part 77.step,Reference,3402,,b07541b568d25792cd8133b714e19d31654a168d846e53561c2469db5e02f7d3
Reference/onshape-v1/parts-step/Part 78.step,Reference,3402,,dfbf6f4370b278ab0d6c21eccea3c76c77cc741bc57d76251bd9a7328e99bbbc
Reference/onshape-v1/parts-step/Part 79.step,Reference,3405,,992965b87fead7693d593b805ac84aadb738dc79e2bfbbba29dfe72a3b7e8625
Reference/onshape-v1/parts-step/Part 80.step,Reference,3443,,a0ea434a96921280ae0a31e26997a3b61734b39b85949b6ae00a5a8e858624e4
Reference/onshape-v1/parts-step/Part 81.step,Reference,3443,,3b34a05b362abcbbd2efc39052f3c50371f1cf22e8084d072d9321cbfd008a45
Reference/onshape-v1/parts-step/Part 82.step,Reference,3404,,5b8ead420825d4a19433ff80d16de8c6d0bd76a0b30835c71259b0c1845bfb1d
Reference/onshape-v1/parts-step/Part 83.step,Reference,3439,,217115ce224123f178d1b05d75c1471464884cedb0a6c03be3b7ea7cbe279d7b
Reference/onshape-v1/parts-step/Part 84.step,Reference,3440,,c1d2c837e390235ed46650374ee1ef40fcfe73a6623f7ffd2fce1487c345c7c5
Reference/onshape-v1/parts-step/Part 85.step,Reference,5943,,e0a5b9c59597eb49ac660dd5c1a791e66a06978c428d5bf078b872cc055bb43f
Reference/onshape-v1/parts-step/Part 86.step,Reference,5933,,ba6c0748911c7752c1000d67a23944295d195a92ead166970f18379beb3f3cc6
Reference/onshape-v1/parts-step/Part 87.step,Reference,88227,,40a64cec42e2e2ec6615b584b46722cfc012eb5b67806565f69ec6af9086bc1b
Reference/onshape-v1/parts-step/Part 88.step,Reference,35578,,5c41800e7632a6274a9f8e9a7034b6cc9d6b39ee83979ca1936df0d87b16ad6a
Reference/onshape-v1/parts-step/Part 89.step,Reference,74297,,8a1cf6489256930b75d7858b8ebaa34faa4003dfe49202cbddbc0ab85a0fbf23
Reference/onshape-v1/parts-step/Part 90.step,Reference,48378,,fb19bc11c3ef23669aa1db0f169c4df76c31b93528077ca2baf381b411fb4854
Reference/onshape-v1/parts-step/Part 91.step,Reference,48191,,cabbb79ea0396efef04f1193bb79719aca0c218c64104e15929dec415412c55f
Reference/onshape-v1/parts-step/Part 92.step,Reference,48700,,92c2c27767a8e5ff7256626e7670814f3349e27b8f30e7f342a428c4ba14af79
Reference/onshape-v1/parts-step/Part 93.step,Reference,48480,,ae91ad74787c467f4f069412a2a1a8571b0546e718073b609d8b9a6a0288f4b3
Reference/onshape-v1/parts-step/Part 94.step,Reference,30208,,4ef6123c9f1e92db78ea8cb0c9603e6193aa8a6e427f9805053df933fb42efe7
Reference/onshape-v1/parts-step/Part 95.step,Reference,30115,,e7187cc43fc54d8a3d3f54257f90d2bf43628dcddcd6de206caa68fa7293c9ea
Reference/onshape-v1/parts-step/Part 96.step,Reference,10173,,d283c3ca9b2e1dd8e6360611b4922e790b55836e3f8c3621383493dbabd5523a
Reference/onshape-v1/partstudio-features.json,Reference,4700,,65b742c3a648c3b2bff1c97d525898c8e22a0dbaa1bcdd19402a3a48e13db5fa
Reference/onshape-v1/README.md,Reference,6693,,cdc48d0c6dfaf3af78f191a79ad7a6e3352b5a650daa2c8351db2f4d349abd42
Reference/superseded/DiffA2CodeDiskEndStop.dwg,Reference,620648,,d396bbbbd20f74bdc6282770bdd754da441c016012d0eb8359aaebf3312e0c5e
